{"RuleTriggered": 0, "Violations": 0, "Details": {"pin_memory": false, "num_workers": 0, "cores": 8, "dataloaders": 1, "dataloading_time": {"p25": 0.224887, "p50": 0.262573, "p95": 0.4037838999999999, "probs": [1, 1, 1, 0, 0, 0, 0, 1, 0, 0, 0, 1, 0, 0, 0, 0, 0, 0, 0, 0, 0, 0, 0, 0, 0, 0, 0, 0, 1, 0, 0, 1, 0, 0, 0, 0, 0, 0, 0, 0, 1, 0, 0, 0, 0, 0, 0, 0, 0, 0, 0, 0, 0, 0, 0, 0, 1, 0, 0, 0, 0, 0, 0, 0, 0, 0, 0, 0, 0, 0, 0, 0, 0, 0, 0, 0, 0, 0, 0, 0, 0, 0, 0, 0, 0, 0, 0, 0, 0, 0, 0, 0, 0, 0, 0, 0, 0, 0, 0, 1], "binedges": [0.215885, 0.21821632, 0.22054764, 0.22287896, 0.22521027999999998, 0.22754159999999998, 0.22987291999999998, 0.23220424, 0.23453556, 0.23686688, 0.2391982, 0.24152952, 0.24386084, 0.24619216, 0.24852348, 0.2508548, 0.25318612, 0.25551744, 0.25784876, 0.26018008, 0.2625114, 0.26484272, 0.26717404, 0.26950535999999997, 0.27183668, 0.27416799999999997, 0.27649932, 0.27883064, 0.28116196, 0.28349328, 0.2858246, 0.28815592, 0.29048724, 0.29281856, 0.29514988, 0.2974812, 0.29981252, 0.30214384, 0.30447515999999997, 0.30680648, 0.3091378, 0.31146912, 0.31380044, 0.31613176, 0.31846308, 0.3207944, 0.32312572, 0.32545704, 0.32778836, 0.33011968, 0.332451, 0.33478231999999997, 0.33711364, 0.33944496, 0.34177628, 0.34410759999999996, 0.34643892, 0.34877024, 0.35110156000000003, 0.35343288, 0.3557642, 0.35809552, 0.36042684, 0.36275816, 0.36508947999999997, 0.3674208, 0.36975212, 0.37208344, 0.37441475999999996, 0.37674608, 0.3790774, 0.38140872000000003, 0.38374004, 0.38607136, 0.38840268, 0.390734, 0.39306532, 0.39539663999999997, 0.39772796, 0.40005928, 0.4023906, 0.40472191999999996, 0.40705324, 0.40938456, 0.41171588000000003, 0.4140472, 0.41637852, 0.41870984, 0.42104116, 0.42337248, 0.42570379999999997, 0.42803512, 0.43036644, 0.43269776, 0.43502907999999996, 0.4373604, 0.43969172, 0.44202304000000003, 0.44435436, 0.44668568, 0.449017]}}, "Datapoints": 10, "RuleParameters": "min_threshold:70\nmax_threshold:200"}