{"RuleTriggered": 0, "Violations": 0, "Details": {"pin_memory": false, "num_workers": 0, "cores": 8, "dataloaders": 1, "dataloading_time": {"p25": 0.2207575, "p50": 0.254641, "p95": 0.3402439, "probs": [1, 0, 0, 1, 0, 0, 0, 2, 0, 0, 0, 0, 0, 0, 0, 0, 0, 0, 0, 0, 0, 0, 0, 0, 1, 0, 0, 0, 0, 0, 0, 0, 0, 0, 0, 0, 0, 0, 0, 0, 0, 0, 1, 0, 0, 0, 0, 0, 0, 0, 0, 0, 0, 0, 0, 1, 0, 0, 0, 0, 0, 0, 0, 0, 0, 0, 0, 0, 0, 0, 0, 0, 1, 0, 0, 0, 0, 0, 0, 0, 0, 0, 0, 0, 0, 0, 0, 0, 0, 0, 0, 0, 0, 0, 0, 0, 0, 1, 0, 1], "binedges": [0.210863, 0.21216931, 0.21347562, 0.21478193, 0.21608824, 0.21739455, 0.21870086, 0.22000717, 0.22131348, 0.22261978999999998, 0.2239261, 0.22523241, 0.22653872, 0.22784503, 0.22915134, 0.23045765, 0.23176396, 0.23307027, 0.23437658, 0.23568289, 0.2369892, 0.23829551, 0.23960182, 0.24090813, 0.24221444, 0.24352075, 0.24482705999999999, 0.24613337, 0.24743968, 0.24874599, 0.2500523, 0.25135861, 0.25266492, 0.25397123, 0.25527754, 0.25658385, 0.25789016, 0.25919647, 0.26050278, 0.26180909, 0.2631154, 0.26442171000000003, 0.26572802, 0.26703433, 0.26834064, 0.26964695, 0.27095326, 0.27225957, 0.27356588000000004, 0.27487219, 0.2761785, 0.27748481, 0.27879112, 0.28009743, 0.28140374, 0.28271005, 0.28401636, 0.28532267, 0.28662898000000003, 0.28793529, 0.2892416, 0.29054791, 0.29185422, 0.29316053, 0.29446684, 0.29577315000000004, 0.29707946, 0.29838577, 0.29969208, 0.30099839, 0.3023047, 0.30361101, 0.30491732, 0.30622363, 0.30752994, 0.30883625000000003, 0.31014256, 0.31144887, 0.31275518, 0.31406149, 0.3153678, 0.31667411, 0.31798042000000004, 0.31928673, 0.32059304, 0.32189935000000003, 0.32320566, 0.32451197, 0.32581828, 0.32712459, 0.3284309, 0.32973721, 0.33104352000000004, 0.33234983, 0.33365614, 0.33496245, 0.33626876000000006, 0.33757507, 0.33888138, 0.34018769000000004, 0.341494]}}, "Datapoints": 10, "RuleParameters": "min_threshold:70\nmax_threshold:200"}