{"RuleTriggered": 0, "Violations": 0, "Details": {"step_num": {"first": 1677618961407689, "last": 1677619979392935}, "job_start": 1677618882.500934, "job_end": 1677619979.50049}, "Datapoints": 492, "RuleParameters": "threshold:20"}