{"RuleTriggered": 0, "Violations": 0, "Details": {"step_num": {"first": 1679240772419958, "last": 1679241838226627}, "job_start": 1679240684.000643, "job_end": 1679241839.500588}, "Datapoints": 504, "RuleParameters": "threshold:20"}