{"RuleTriggered": 0, "Violations": 0, "Details": {"ratio": {}, "phase": {"Step:ModeKeys.TRAIN": 92.19842133418172, "others": 3.9392641585990726, "Step:ModeKeys.EVAL": 3.862314507219205}, "phase_time": {}, "general": {"DataLoaderIterInitialize": 7.937178291439623e-05, "DataLoaderIter": 0.2674806839893827, "Forward": 99.7324399442277}}, "Datapoints": 0, "RuleParameters": ""}