{"RuleTriggered": 0, "Violations": 0, "Details": {"step_details": {"algo-1-27": {"step_stats": {"mean": 1.899071119341564, "max": 5.259804, "p99": 2.5755374499999983, "p95": 2.130863, "p50": 1.868968, "min": 0.122567}, "number_of_outliers": 5, "phase": "Step:ModeKeys.TRAIN", "stddev": 0.24, "probs": [2, 0, 0, 0, 0, 0, 0, 0, 0, 0, 0, 0, 0, 0, 0, 0, 0, 0, 0, 0, 0, 0, 0, 0, 0, 0, 0, 0, 0, 0, 0, 0, 0, 0, 0, 0, 0, 0, 0, 0, 0, 0, 0, 0, 0, 0, 0, 0, 0, 0, 0, 0, 0, 1, 0, 0, 0, 1, 0, 0, 0, 0, 0, 6, 3, 15, 14, 11, 8, 12, 79, 147, 63, 25, 10, 6, 5, 13, 15, 9, 5, 10, 2, 0, 4, 2, 4, 1, 0, 1, 1, 1, 1, 1, 1, 0, 0, 0, 1, 1], "binedges": [0.122567, 0.1469632, 0.1713594, 0.19575559999999997, 0.2201518, 0.244548, 0.26894419999999997, 0.2933404, 0.3177366, 0.3421328, 0.366529, 0.3909252, 0.41532139999999995, 0.4397176, 0.46411379999999997, 0.48851, 0.5129062, 0.5373024, 0.5616986, 0.5860948, 0.610491, 0.6348872, 0.6592834, 0.6836795999999999, 0.7080757999999999, 0.732472, 0.7568682, 0.7812644, 0.8056606, 0.8300567999999999, 0.854453, 0.8788492, 0.9032454, 0.9276416, 0.9520377999999999, 0.976434, 1.0008302, 1.0252264, 1.0496226, 1.0740188, 1.0984150000000001, 1.1228112000000001, 1.1472074, 1.1716036, 1.1959998, 1.220396, 1.2447922, 1.2691884, 1.2935846, 1.3179808000000002, 1.3423770000000002, 1.3667732000000001, 1.3911694000000001, 1.4155656, 1.4399618, 1.464358, 1.4887542, 1.5131504, 1.5375466, 1.5619428000000002, 1.5863390000000002, 1.6107352000000001, 1.6351314000000001, 1.6595276, 1.6839238, 1.70832, 1.7327162, 1.7571124, 1.7815086, 1.8059048, 1.8303010000000002, 1.8546972000000002, 1.8790934000000001, 1.9034896000000001, 1.9278858, 1.952282, 1.9766782, 2.0010744, 2.0254706, 2.0498667999999998, 2.074263, 2.0986592, 2.1230554, 2.1474516, 2.1718478, 2.196244, 2.2206402, 2.2450364, 2.2694326, 2.2938288, 2.318225, 2.3426212, 2.3670174, 2.3914136, 2.4158098, 2.440206, 2.4646022, 2.4889984000000003, 2.5133946000000003, 2.5377908000000002, 2.562187], "step_numbers": ["0", "1", "2", "73", "74"]}}}, "Datapoints": 492, "RuleParameters": "threshold:3\nmode:None\nn_outliers:10\nstddev:3"}