{"RuleTriggered": 0, "Violations": 0, "Details": {"step_details": {"algo-1-27": {"step_stats": {"mean": 1.9439756283367555, "max": 5.243725, "p99": 2.4755901399999987, "p95": 2.179229, "p50": 1.910986, "min": 0.131735}, "number_of_outliers": 3, "phase": "Step:ModeKeys.TRAIN", "stddev": 0.23, "probs": [1, 1, 0, 0, 0, 0, 0, 0, 0, 0, 0, 0, 0, 0, 0, 0, 0, 0, 0, 0, 0, 0, 0, 0, 0, 0, 0, 0, 0, 0, 0, 0, 0, 0, 0, 0, 0, 0, 0, 0, 0, 0, 0, 0, 0, 0, 1, 0, 0, 0, 1, 0, 0, 0, 0, 0, 0, 0, 0, 0, 0, 0, 1, 1, 3, 1, 1, 3, 4, 20, 84, 89, 98, 55, 25, 6, 4, 14, 15, 12, 13, 6, 2, 3, 4, 1, 2, 2, 0, 3, 1, 0, 2, 1, 2, 0, 0, 0, 0, 2], "binedges": [0.131735, 0.15633719, 0.18093937999999998, 0.20554157, 0.23014375999999998, 0.25474595, 0.27934813999999997, 0.30395033, 0.32855252, 0.35315471, 0.37775689999999995, 0.40235909, 0.42696128, 0.45156346999999997, 0.47616566, 0.5007678499999999, 0.52537004, 0.5499722300000001, 0.57457442, 0.59917661, 0.6237788, 0.6483809899999999, 0.6729831799999999, 0.6975853699999999, 0.7221875600000001, 0.74678975, 0.77139194, 0.79599413, 0.8205963199999999, 0.8451985099999999, 0.8698006999999999, 0.8944028900000001, 0.91900508, 0.94360727, 0.96820946, 0.9928116499999999, 1.01741384, 1.0420160299999999, 1.06661822, 1.09122041, 1.1158226, 1.14042479, 1.16502698, 1.18962917, 1.2142313599999999, 1.2388335499999998, 1.2634357399999998, 1.28803793, 1.31264012, 1.33724231, 1.3618445, 1.3864466899999999, 1.4110488799999998, 1.4356510699999998, 1.46025326, 1.48485545, 1.50945764, 1.53405983, 1.5586620199999999, 1.5832642099999998, 1.6078663999999998, 1.63246859, 1.65707078, 1.68167297, 1.70627516, 1.7308773499999999, 1.7554795399999998, 1.7800817299999998, 1.80468392, 1.82928611, 1.8538883, 1.87849049, 1.9030926799999999, 1.9276948699999998, 1.9522970599999998, 1.97689925, 2.00150144, 2.02610363, 2.05070582, 2.07530801, 2.0999102, 2.12451239, 2.14911458, 2.17371677, 2.19831896, 2.22292115, 2.24752334, 2.27212553, 2.29672772, 2.3213299099999998, 2.3459320999999997, 2.3705342899999997, 2.3951364799999997, 2.41973867, 2.44434086, 2.46894305, 2.49354524, 2.51814743, 2.54274962, 2.56735181, 2.591954], "step_numbers": ["0", "1", "69"]}}}, "Datapoints": 504, "RuleParameters": "threshold:3\nmode:None\nn_outliers:10\nstddev:3"}